Local time,Open,High,Low,Close,Volume,Next Open
2003-05-04,1.12284,1.13009,1.12014,1.12774,1274222.4044,1.12728
2003-05-05,1.12728,1.14506,1.12723,1.14338,1279672.4785,1.14297
2003-05-06,1.14297,1.14438,1.13265,1.13647,1278008.6017,1.13605
2003-05-07,1.13605,1.15077,1.13006,1.14996,1265182.6036999999,1.14932
2003-05-08,1.14932,1.15366,1.14346,1.14877,1272916.5097999999,1.14877
2003-05-09,1.14877,1.14877,1.14877,1.14877,0,1.14877
2003-05-11,1.14888,1.16229,1.14888,1.15427,1270388.3886999998,1.15357
2003-05-12,1.15357,1.15739,1.14620,1.15120,1263821.0098,1.15120
2003-05-13,1.15120,1.15370,1.14667,1.14940,1277471.5937999997,1.14913
2003-05-14,1.14913,1.14967,1.13744,1.13847,1275857.4160000002,1.13775
2003-05-15,1.13775,1.15766,1.13675,1.15705,1274033.5976999998,1.15705
2003-05-16,1.15705,1.15705,1.15705,1.15705,0,1.15705
2003-05-18,1.16564,1.17353,1.16205,1.16566,1276461,1.16520
2003-05-19,1.16520,1.17146,1.15998,1.17039,1278055.2110000001,1.16989
2003-05-20,1.16989,1.17437,1.16610,1.16716,1269671.4045,1.16654
2003-05-21,1.16654,1.17266,1.16181,1.16908,1276077.1016999998,1.16877
2003-05-22,1.16877,1.18363,1.16635,1.18236,1276165.4083,1.18236
2003-05-23,1.18236,1.18236,1.18236,1.18236,0,1.18236
2003-05-25,1.18200,1.18744,1.17955,1.18660,1278312.8028000002,1.18600
2003-05-26,1.18600,1.19286,1.18166,1.18258,1271915.7988,1.18191
2003-05-27,1.18191,1.18439,1.17037,1.17619,1276412.4981999998,1.17587
2003-05-28,1.17587,1.18998,1.16909,1.18803,1278348.9726999998,1.18757
2003-05-29,1.18757,1.19144,1.17419,1.17661,1272050.9962,1.17661
2003-05-30,1.17661,1.17661,1.17661,1.17661,0,1.17661
2003-06-01,1.17079,1.17652,1.16504,1.17443,1160226.1016,1.17426
2003-06-02,1.17426,1.17773,1.16858,1.17361,1270931.8927,1.17295
2003-06-03,1.17295,1.17463,1.16609,1.16615,1276120.5998,1.16565
2003-06-04,1.16565,1.18850,1.16273,1.18375,1280677.8751,1.18319
2003-06-05,1.18319,1.18772,1.16829,1.16971,1279083.7989999999,1.16971
2003-06-06,1.16971,1.16971,1.16971,1.16971,0,1.16971
2003-06-08,1.16870,1.17846,1.16548,1.17131,1274278.3164000001,1.17076
2003-06-09,1.17076,1.17400,1.16692,1.16729,1269463.797,1.16676
2003-06-10,1.16676,1.17805,1.16571,1.17391,1264178.7070999998,1.17359
2003-06-11,1.17359,1.18038,1.17020,1.17608,1267150.5976,1.17582
2003-06-12,1.17582,1.18758,1.17338,1.18600,1279678.8027,1.18600
2003-06-13,1.18600,1.18600,1.18600,1.18600,0,1.18600
2003-06-15,1.18624,1.19263,1.18198,1.18326,1271366.0858999998,1.18316
2003-06-16,1.18316,1.18652,1.17670,1.17907,1265464.6114,1.17844
2003-06-17,1.17844,1.18016,1.16604,1.16853,1265660.5058999998,1.16770
2003-06-18,1.16770,1.17372,1.15826,1.17173,1266762.291,1.17130
2003-06-19,1.17130,1.17333,1.15501,1.16010,1271527.8046999997,1.16010
2003-06-20,1.16010,1.16010,1.16010,1.16010,0,1.16010
2003-06-22,1.15955,1.16028,1.15069,1.15399,1267169.3263,1.15374
2003-06-23,1.15374,1.15801,1.14750,1.15141,1281097.0878999997,1.15118
2003-06-24,1.15118,1.16205,1.14897,1.15368,1274772.5917,1.15379
2003-06-25,1.15379,1.15509,1.14125,1.14151,1269716.2051000001,1.14145
2003-06-26,1.14145,1.14665,1.13984,1.14224,1271972.7112,1.14224
2003-06-27,1.14224,1.14224,1.14224,1.14224,0,1.14224
2003-06-29,1.14238,1.15121,1.13964,1.15086,1279420.6034000001,1.15084
2003-06-30,1.15084,1.16069,1.15010,1.15578,1275064.2969,1.15549
2003-07-01,1.15549,1.15668,1.15035,1.15366,1267163.0001,1.15345
2003-07-02,1.15345,1.15424,1.14316,1.14915,1276490.7968999997,1.14865
2003-07-03,1.14865,1.14999,1.14462,1.14862,1281812.5058000002,1.14862
2003-07-04,1.14862,1.14862,1.14862,1.14862,0,1.14862
2003-07-06,1.14800,1.14854,1.13122,1.13222,1273294.4221,1.13177
2003-07-07,1.13177,1.13498,1.12577,1.13121,1258378.7052000002,1.13107
2003-07-08,1.13107,1.13650,1.13029,1.13451,1277843.6994000003,1.13409
2003-07-09,1.13409,1.13914,1.13085,1.13861,1267429.0039000004,1.13807
2003-07-10,1.13807,1.13887,1.12749,1.12960,1265165.4862000002,1.12960
2003-07-11,1.12960,1.12960,1.12960,1.12960,0,1.12960
2003-07-13,1.12864,1.13070,1.12410,1.12749,1269917.7892,1.12707
2003-07-14,1.12707,1.13358,1.11550,1.11828,1267433.9179,1.11775
2003-07-15,1.11775,1.12305,1.11113,1.12038,1272510.6073999999,1.12049
2003-07-16,1.12049,1.12477,1.11556,1.12049,1266504.7930999997,1.11975
2003-07-17,1.11975,1.13022,1.11701,1.12716,1278004.6915000002,1.12716
2003-07-18,1.12716,1.12716,1.12716,1.12716,0,1.12716
2003-07-20,1.12615,1.13526,1.12401,1.13465,1272058.6074,1.13391
2003-07-21,1.13391,1.13713,1.13044,1.13285,1254297.8849,1.13197
2003-07-22,1.13197,1.14882,1.13119,1.14724,1272355.2092,1.14765
2003-07-23,1.14765,1.15091,1.14220,1.14665,1268987.7970000003,1.14679
2003-07-24,1.14679,1.15477,1.14425,1.15049,1278273.3166000003,1.15049
2003-07-25,1.15049,1.15049,1.15049,1.15049,0,1.15049
2003-07-27,1.15014,1.15172,1.14511,1.14879,1276345.8029000002,1.14877
2003-07-28,1.14877,1.15365,1.14502,1.14559,1275433.4999999998,1.14502
2003-07-29,1.14502,1.14600,1.13338,1.13396,1263519.4005,1.13367
2003-07-30,1.13367,1.13709,1.12222,1.12398,1266967.7947,1.12350
2003-07-31,1.12350,1.12706,1.11338,1.12531,1216925.2034,1.12531
2003-08-01,1.12531,1.12531,1.12531,1.12531,0,1.12531
2003-08-03,1.12773,1.13734,1.12564,1.13540,1272231.1973,1.13543
2003-08-04,1.13543,1.13966,1.13054,1.13863,1279489.5118000002,1.13797
2003-08-05,1.13797,1.14250,1.13238,1.13291,1270227.5977000003,1.13245
2003-08-06,1.13245,1.14138,1.13173,1.13702,1273274.2207999998,1.13646
2003-08-07,1.13646,1.13817,1.12861,1.13053,1261236.6993,1.13053
2003-08-08,1.13053,1.13053,1.13053,1.13053,0,1.13053
2003-08-10,1.12882,1.13788,1.12615,1.13552,1242761.9102,1.13518
2003-08-11,1.13518,1.13709,1.12745,1.12800,1335296.7209,1.12767
2003-08-12,1.12767,1.13302,1.12169,1.13190,1354644.4884000001,1.13163
2003-08-13,1.13163,1.13365,1.12234,1.12547,1334944.6935,1.12565
2003-08-14,1.12565,1.12944,1.12396,1.12633,1301675.9081,1.12633
2003-08-15,1.12633,1.12633,1.12633,1.12633,0,1.12633
2003-08-17,1.12420,1.12675,1.11221,1.11398,1327518.6152000001,1.11415
2003-08-18,1.11415,1.11510,1.10534,1.11362,1342325.6057,1.11310
2003-08-19,1.11310,1.11462,1.10783,1.11155,1344872.7910999998,1.11123
2003-08-20,1.11123,1.11209,1.08826,1.09196,1346824.5898000002,1.09133
2003-08-21,1.09133,1.09445,1.08350,1.08731,1334104.6895999997,1.08731
2003-08-22,1.08731,1.08731,1.08731,1.08731,0,1.08731
2003-08-24,1.08496,1.09169,1.08443,1.08705,1343844.4179,1.08670
2003-08-25,1.08670,1.09080,1.07911,1.08512,1338102.2911,1.08474
2003-08-26,1.08474,1.09288,1.08303,1.08830,1340521.7911,1.08786
2003-08-27,1.08786,1.09114,1.08082,1.08781,1344437.3204999997,1.08773
2003-08-28,1.08773,1.09964,1.08678,1.09817,1348179.8927,1.09817
2003-08-29,1.09817,1.09817,1.09817,1.09817,0,1.09817
2003-08-31,1.09873,1.10125,1.09487,1.09645,1203066.6095,1.09598
2003-09-01,1.09598,1.09700,1.08014,1.08049,1320140.6975,1.08047
2003-09-02,1.08047,1.08715,1.07606,1.08444,1360730.2031999999,1.08425
2003-09-03,1.08425,1.09485,1.08050,1.09400,1353345.9141,1.09374
2003-09-04,1.09374,1.11116,1.09150,1.11019,1324495.1982000002,1.11019
2003-09-05,1.11019,1.11019,1.11019,1.11019,0,1.11019
2003-09-07,1.10973,1.11282,1.10448,1.10619,1348611.9884,1.10625
2003-09-08,1.10625,1.12390,1.10514,1.12208,1359372.8807,1.12169
2003-09-09,1.12169,1.12347,1.11608,1.12046,1365261.6815999998,1.12032
2003-09-10,1.12032,1.12695,1.11537,1.12059,1364003.012,1.12024
2003-09-11,1.12024,1.13208,1.11329,1.12883,1344504.6992999997,1.12883
2003-09-12,1.12883,1.12883,1.12883,1.12883,0,1.12883
2003-09-14,1.12675,1.13082,1.12401,1.12787,1348262.7228,1.12771
2003-09-15,1.12771,1.13165,1.11523,1.11716,1346871.3732,1.11712
2003-09-16,1.11712,1.12989,1.11366,1.12804,1340380.7793000003,1.12773
2003-09-17,1.12773,1.13414,1.12246,1.12526,1337392.3165,1.12500
2003-09-18,1.12500,1.13823,1.12363,1.13762,1353038.1016000002,1.13762
2003-09-19,1.13762,1.13762,1.13762,1.13762,0,1.13762
2003-09-21,1.14333,1.15031,1.14124,1.14572,1351829.7832999998,1.14518
2003-09-22,1.14518,1.15233,1.14348,1.14374,1350760.3106999998,1.14375
2003-09-23,1.14375,1.15034,1.14260,1.14919,1353903.9764999999,1.14881
2003-09-24,1.14881,1.15321,1.14568,1.14872,1339085.086,1.14826
2003-09-25,1.14826,1.14965,1.14385,1.14577,1340344.6113,1.14577
2003-09-26,1.14577,1.14577,1.14577,1.14577,0,1.14577
2003-09-28,1.14488,1.15980,1.13927,1.15941,1348136.9161999999,1.15940
2003-09-29,1.15940,1.17323,1.15686,1.16517,1348877.0939,1.16515
2003-09-30,1.16515,1.17278,1.16412,1.17116,1351259.1055,1.17123
2003-10-01,1.17123,1.17668,1.16596,1.16896,1349580.4980999997,1.16873
2003-10-02,1.16873,1.17193,1.15487,1.15780,1354661.2207000002,1.15780
2003-10-03,1.15780,1.15780,1.15780,1.15780,0,1.15780
2003-10-05,1.15585,1.17212,1.15309,1.17049,1337483.9864999999,1.17042
2003-10-06,1.17042,1.18098,1.16960,1.17560,1342748.209,1.17577
2003-10-07,1.17577,1.18376,1.17551,1.18062,1340032.3046,1.18027
2003-10-08,1.18027,1.18588,1.16830,1.17427,1344555.8028,1.17397
2003-10-09,1.17397,1.18461,1.17012,1.17928,1328469.1251999997,1.17928
2003-10-10,1.17928,1.17928,1.17928,1.17928,0,1.17928
2003-10-12,1.18039,1.18138,1.16512,1.17000,1334663.3944999997,1.16990
2003-10-13,1.16990,1.17638,1.15803,1.17204,1338008.6932,1.17194
2003-10-14,1.17194,1.17431,1.15889,1.16309,1350853.1153000002,1.16308
2003-10-15,1.16308,1.16942,1.15721,1.15843,1338621.3028999998,1.15790
2003-10-16,1.15790,1.16823,1.15515,1.16782,1331096.7929999998,1.16782
2003-10-17,1.16782,1.16782,1.16782,1.16782,0,1.16782
2003-10-19,1.17028,1.17270,1.16000,1.16306,1337728.9121,1.16292
2003-10-20,1.16292,1.16991,1.16152,1.16641,1335850.1152,1.16584
2003-10-21,1.16584,1.18260,1.16463,1.17981,1341351.2735,1.17951
2003-10-22,1.17951,1.18434,1.17546,1.17885,1339686.6114,1.17833
2003-10-23,1.17833,1.18546,1.17589,1.17767,1336413.2775,1.17767
2003-10-24,1.17767,1.17767,1.17767,1.17767,0,1.17767
2003-10-26,1.17726,1.17829,1.17170,1.17414,1346530.1913,1.17426
2003-10-27,1.17426,1.17491,1.16535,1.16678,1352093.5058999998,1.16685
2003-10-28,1.16685,1.17170,1.16566,1.16592,1328828.5975999997,1.16586
2003-10-29,1.16586,1.17536,1.16150,1.16215,1344278.4942,1.16212
2003-10-30,1.16212,1.16551,1.15615,1.15851,1348439.2892,1.15851
2003-10-31,1.15851,1.15851,1.15851,1.15851,0,1.15851
2003-11-02,1.15762,1.16177,1.14264,1.14544,1341625.1094,1.14557
2003-11-03,1.14557,1.15118,1.14244,1.14907,1352150.7073000001,1.14905
2003-11-04,1.14905,1.14962,1.14118,1.14352,1341841.8282,1.14375
2003-11-05,1.14375,1.14614,1.13873,1.14127,1343307.4941999998,1.14149
2003-11-06,1.14149,1.15414,1.13769,1.15269,1365805.5898000002,1.15269
2003-11-07,1.15269,1.15269,1.15269,1.15269,0,1.15269
2003-11-09,1.15024,1.15337,1.14617,1.14777,1342233.502,1.14782
2003-11-10,1.14782,1.15294,1.14416,1.15190,1338507.4045,1.15194
2003-11-11,1.15194,1.16589,1.15015,1.16258,1345581.6114999999,1.16312
2003-11-12,1.16312,1.17364,1.16238,1.17298,1364546.8085000003,1.17309
2003-11-13,1.17309,1.18006,1.17254,1.17732,1356885.6154,1.17732
2003-11-14,1.17732,1.17732,1.17732,1.17732,0,1.17732
2003-11-16,1.17748,1.18474,1.17234,1.17445,1360615.6093,1.17463
2003-11-17,1.17463,1.19725,1.17311,1.19684,1356843.1835,1.19680
2003-11-18,1.19680,1.19767,1.18719,1.18732,1353714.6077,1.18734
2003-11-19,1.18734,1.19543,1.18699,1.19085,1362932.7948,1.19111
2003-11-20,1.19111,1.19369,1.18553,1.19126,1357570.2870000002,1.19126
2003-11-21,1.19126,1.19126,1.19126,1.19126,0,1.19126
2003-11-23,1.19068,1.19167,1.17544,1.17674,1327051.1992999997,1.17708
2003-11-24,1.17708,1.18175,1.17509,1.17889,1348492.6854999997,1.17886
2003-11-25,1.17886,1.19470,1.17676,1.19374,1357915.1016000002,1.19376
2003-11-26,1.19376,1.19400,1.18821,1.19045,1341720.6094999998,1.19052
2003-11-27,1.19052,1.20129,1.18959,1.19902,1346877.4083,1.19902
2003-11-28,1.19902,1.19902,1.19902,1.19902,0,1.19902
2003-11-30,1.19703,1.20392,1.19354,1.19779,1370321.3985,1.19804
2003-12-01,1.19804,1.20903,1.19391,1.20785,1348187.7033,1.20777
2003-12-02,1.20777,1.21255,1.20683,1.21067,1351593.8866,1.21074
2003-12-03,1.21074,1.21533,1.20286,1.20829,1347145.797,1.20805
2003-12-04,1.20805,1.21767,1.20601,1.21634,1342959.1934000002,1.21634
2003-12-05,1.21634,1.21634,1.21634,1.21634,0,1.21634
2003-12-07,1.21709,1.22376,1.21466,1.22154,1350333.2851999998,1.22157
2003-12-08,1.22157,1.22735,1.21851,1.22527,1349817.7892,1.22560
2003-12-09,1.22560,1.22639,1.21511,1.22130,1344737.5744,1.22135
2003-12-10,1.22135,1.22321,1.21113,1.22161,1361559.3086999997,1.22197
2003-12-11,1.22197,1.23047,1.22056,1.22730,1353278.9062999997,1.22730
2003-12-12,1.22730,1.22730,1.22730,1.22730,0,1.22730
2003-12-14,1.21403,1.23216,1.21273,1.23147,1348925.0939000002,1.23152
2003-12-15,1.23152,1.23584,1.22984,1.23292,1343390.5957999998,1.23275
2003-12-16,1.23275,1.24198,1.22939,1.24081,1365192.9045,1.24075
2003-12-17,1.24075,1.24369,1.23571,1.24217,1347459.8048999999,1.24204
2003-12-18,1.24204,1.24336,1.23408,1.23713,1341774.3946999998,1.23713
2003-12-19,1.23713,1.23713,1.23713,1.23713,0,1.23713
2003-12-21,1.24009,1.24447,1.23468,1.23930,1341984.9904000002,1.23932
2003-12-22,1.23932,1.24239,1.23803,1.23901,1340979.9082,1.23927
2003-12-23,1.23927,1.24688,1.23906,1.24434,1322394.0880999998,1.24432
2003-12-24,1.24432,1.24608,1.24324,1.24494,915214.4053000001,1.24483
2003-12-25,1.24483,1.24676,1.24191,1.24246,1305323.6133,1.24246
2003-12-26,1.24246,1.24246,1.24246,1.24246,0,1.24246
2003-12-28,1.24242,1.25058,1.24212,1.24866,1330689.385,1.24894
2003-12-29,1.24894,1.25603,1.24736,1.25466,1346264.2989,1.25479
2003-12-30,1.25479,1.26455,1.25119,1.25899,1318539.6894000003,1.25915
2003-12-31,1.25915,1.26035,1.24679,1.25434,512061.6974,1.25420
2004-01-01,1.25420,1.26263,1.25198,1.25806,1337402.5177000002,1.25806
2004-01-02,1.25806,1.25806,1.25806,1.25806,0,1.25806
2004-01-04,1.25816,1.26924,1.25785,1.26727,1354226.0078,1.26720
2004-01-05,1.26720,1.28083,1.26650,1.27230,1349584.7011,1.27230
2004-01-06,1.27230,1.27404,1.26221,1.26296,1348413.4982000003,1.26290
2004-01-07,1.26290,1.27786,1.25576,1.27635,1350773.2948,1.27637
2004-01-08,1.27637,1.28665,1.27021,1.28123,1336174.3945,1.28123
2004-01-09,1.28123,1.28123,1.28123,1.28123,0,1.28123
2004-01-11,1.28522,1.28956,1.27328,1.27467,1337453.5001,1.27457
2004-01-12,1.27457,1.27947,1.27114,1.27698,1348261.7072,1.27720
2004-01-13,1.27720,1.27871,1.26276,1.26447,1338604.3906999999,1.26440
2004-01-14,1.26440,1.26693,1.25562,1.25756,1357261.0117,1.25743
2004-01-15,1.25743,1.26071,1.23494,1.23936,1342086.8145,1.23936
2004-01-16,1.23936,1.23936,1.23936,1.23936,0,1.23936
2004-01-18,1.23660,1.24226,1.23323,1.23468,1343509.9843000001,1.23480
2004-01-19,1.23480,1.25940,1.23411,1.25767,1345896.8788,1.25770
2004-01-20,1.25770,1.26695,1.25488,1.26409,1354933.6037,1.26389
2004-01-21,1.26389,1.27475,1.26328,1.27169,1346658.1193000001,1.27148
2004-01-22,1.27148,1.27732,1.25621,1.25781,1353179.3867,1.25781
2004-01-23,1.25781,1.25781,1.25781,1.25781,0,1.25781
2004-01-25,1.25726,1.26095,1.24557,1.24565,1356641.7989,1.24588
2004-01-26,1.24588,1.26503,1.24391,1.26404,1316419.2052,1.26429
2004-01-27,1.26429,1.26608,1.24618,1.24655,1344965.2968,1.24665
2004-01-28,1.24665,1.25252,1.23607,1.24046,1337715.2148999998,1.24046
2004-01-29,1.24046,1.24897,1.23491,1.24731,1354824.9102000003,1.24731
2004-01-30,1.24731,1.24731,1.24731,1.24731,0,1.24731
2004-02-01,1.24680,1.24848,1.23882,1.24221,1348842.8128,1.24232
2004-02-02,1.24232,1.25967,1.24124,1.25381,1349861.7831,1.25407
2004-02-03,1.25407,1.25593,1.24919,1.25323,1358026.3828999999,1.25329
2004-02-04,1.25329,1.26348,1.25157,1.25440,1353343.1777000001,1.25455
2004-02-05,1.25455,1.27226,1.25100,1.27000,1351709.2149,1.27000
2004-02-06,1.27000,1.27000,1.27000,1.27000,0,1.27000
2004-02-08,1.26038,1.27589,1.25963,1.26929,1364519.9964,1.26954
2004-02-09,1.26954,1.27848,1.26649,1.26679,1369838.5995999998,1.26682
2004-02-10,1.26682,1.28364,1.26482,1.28295,1361071.086,1.28319
2004-02-11,1.28319,1.28432,1.27873,1.28058,1358831.1818000001,1.28061
2004-02-12,1.28061,1.28898,1.27135,1.27305,1367540.2051000001,1.27305
2004-02-13,1.27305,1.27305,1.27305,1.27305,0,1.27305
2004-02-15,1.27428,1.27870,1.27139,1.27671,1350759.9043,1.27679
2004-02-16,1.27679,1.28751,1.27533,1.28372,1365673.9785,1.28395
2004-02-17,1.28395,1.29247,1.26561,1.26849,1359136.5117,1.26860
2004-02-18,1.26860,1.27342,1.26516,1.27102,1345748.4062,1.27112
2004-02-19,1.27112,1.27643,1.24928,1.25319,1358803.0098999997,1.25319
2004-02-20,1.25319,1.25319,1.25319,1.25319,0,1.25319
2004-02-22,1.25247,1.25932,1.24494,1.25522,1368480.6132,1.25552
2004-02-23,1.25552,1.27115,1.25203,1.26815,1345493.9064999998,1.26822
2004-02-24,1.26822,1.27039,1.24716,1.24973,1362384.9104000002,1.24982
2004-02-25,1.24982,1.25129,1.23826,1.24366,1346051.3126,1.24361
2004-02-26,1.24361,1.25049,1.23718,1.24887,1347994.3106999998,1.24887
2004-02-27,1.24887,1.24887,1.24887,1.24887,0,1.24887
2004-02-29,1.24820,1.25398,1.24215,1.24527,1350394.3908,1.24539
2004-03-01,1.24539,1.24673,1.21938,1.22126,1359050.1056000004,1.22121
2004-03-02,1.22121,1.22209,1.20546,1.21998,1343582.5117000001,1.22009
2004-03-03,1.22009,1.22380,1.21334,1.22004,1352416.6933,1.21985
2004-03-04,1.21985,1.24275,1.21731,1.23642,1347506.004,1.23642
2004-03-05,1.23642,1.23642,1.23642,1.23642,0,1.23642
2004-03-07,1.23857,1.24150,1.23359,1.24013,1360393.0977,1.24020
2004-03-08,1.24020,1.24573,1.22716,1.23240,1358591.4044,1.23226
2004-03-09,1.23226,1.23282,1.21946,1.22205,1354605.7010000001,1.22200
2004-03-10,1.22200,1.23831,1.21620,1.23484,1356982.2091,1.23481
2004-03-11,1.23481,1.23709,1.21707,1.22145,1347175.4066,1.22145
2004-03-12,1.22145,1.22145,1.22145,1.22145,0,1.22145
2004-03-14,1.21887,1.23154,1.21815,1.22600,1357924.2052,1.22606
2004-03-15,1.22606,1.23695,1.22295,1.22693,1360225.9747000001,1.22709
2004-03-16,1.22709,1.22870,1.21730,1.22316,1338080.8049,1.22310
2004-03-17,1.22310,1.24315,1.22182,1.23833,1354175.8185000003,1.23837
2004-03-18,1.23837,1.24058,1.22540,1.22829,1350261.3047999998,1.22829
2004-03-19,1.22829,1.22829,1.22829,1.22829,0,1.22829
2004-03-21,1.22754,1.23983,1.22189,1.23273,1360833.2814000002,1.23289
2004-03-22,1.23289,1.23678,1.22628,1.23325,1361277.2072999997,1.23354
2004-03-23,1.23354,1.23653,1.21133,1.21297,1362066.299,1.21322
2004-03-24,1.21322,1.21987,1.20962,1.21235,1366087.6914,1.21260
2004-03-25,1.21260,1.22083,1.20733,1.21272,1367063.0938000001,1.21272
2004-03-26,1.21272,1.21272,1.21272,1.21272,0,1.21272
2004-03-28,1.21078,1.21668,1.20559,1.21538,1350568.7012,1.21544
2004-03-29,1.21544,1.22263,1.21474,1.21678,1306805.0763,1.21706
2004-03-30,1.21706,1.23203,1.21668,1.23114,1357518.4982,1.23130
2004-03-31,1.23130,1.23862,1.22532,1.23617,1367239.0098999997,1.23602
2004-04-01,1.23602,1.23712,1.20978,1.21305,1355062.1134000001,1.21305
2004-04-02,1.21305,1.21305,1.21305,1.21305,0,1.21305
2004-04-04,1.21076,1.21263,1.19808,1.20149,1374654.1855,1.20118
2004-04-05,1.20118,1.21335,1.19802,1.21136,1362593.0939999998,1.21096
2004-04-06,1.21096,1.21966,1.20472,1.21712,1358019.5003,1.21684
2004-04-07,1.21684,1.22166,1.20574,1.20823,1362116.3944999997,1.20795
2004-04-08,1.20795,1.21104,1.20607,1.20858,1279444.707,1.20858
2004-04-09,1.20858,1.20858,1.20858,1.20858,0,1.20858
2004-04-11,1.20857,1.20956,1.20490,1.20730,1322737.8887,1.20734
2004-04-12,1.20734,1.20821,1.19021,1.19424,1332390.6973,1.19400
2004-04-13,1.19400,1.19739,1.18678,1.19594,1373773.6056,1.19547
2004-04-14,1.19547,1.19920,1.18910,1.19816,1373514.0079,1.19780
2004-04-15,1.19780,1.20442,1.19210,1.19886,1369769.9940999998,1.19886
2004-04-16,1.19886,1.19886,1.19886,1.19886,0,1.19886
2004-04-18,1.19989,1.20756,1.19980,1.20204,1352776.8886999998,1.20175
2004-04-19,1.20175,1.20215,1.18394,1.18647,1361049.3985000001,1.18621
2004-04-20,1.18621,1.19111,1.18140,1.18377,1361827.1250999998,1.18341
2004-04-21,1.18341,1.19133,1.17758,1.19002,1363759.0742999997,1.18985
2004-04-22,1.18985,1.19401,1.17935,1.18415,1350705.1875,1.18415
2004-04-23,1.18415,1.18415,1.18415,1.18415,0,1.18415
2004-04-25,1.18177,1.18840,1.17573,1.18644,1359770.7069,1.18606
2004-04-26,1.18606,1.19456,1.18302,1.19223,1351854.0938000001,1.19193
2004-04-27,1.19193,1.19496,1.18206,1.18393,1356730.6251,1.18322
2004-04-28,1.18322,1.19841,1.18027,1.19598,1373783.8166000003,1.19557
2004-04-29,1.19557,1.20089,1.19185,1.19770,1357539.0059,1.19770
2004-04-30,1.19770,1.19827,1.19770,1.19827,0,1.19827
2004-05-02,1.19770,1.20000,1.19189,1.19404,1359898.6153000002,1.19428
2004-05-03,1.19428,1.21173,1.19227,1.20962,1346133.0099999998,1.20920
2004-05-04,1.20920,1.21786,1.20915,1.21710,1360703.3964000002,1.21713
2004-05-05,1.21713,1.21749,1.20625,1.20795,1369606.9085,1.20800
2004-05-06,1.20800,1.21313,1.18740,1.18782,1360201.7773,1.18782
2004-05-07,1.18782,1.18782,1.18782,1.18782,0,1.18782
2004-05-09,1.18648,1.18936,1.18103,1.18448,1364241.1955000001,1.18477
2004-05-10,1.18477,1.18885,1.17869,1.18678,1352422.209,1.18661
2004-05-11,1.18661,1.19402,1.18322,1.18962,1374159.8124000002,1.18930
2004-05-12,1.18930,1.19294,1.17708,1.18197,1373186.4064999998,1.18133
2004-05-13,1.18133,1.19007,1.17806,1.18825,1369928.7910000002,1.18825
2004-05-14,1.18825,1.18825,1.18825,1.18825,0,1.18825
2004-05-16,1.18832,1.20580,1.18758,1.20241,1358173.4083999998,1.20218
2004-05-17,1.20218,1.20378,1.19272,1.19493,1366832.4005000002,1.19460
2004-05-18,1.19460,1.20409,1.19346,1.20071,1367739.4005,1.20052
2004-05-19,1.20052,1.20188,1.18942,1.19622,1369802.2127,1.19577
2004-05-20,1.19577,1.20679,1.19510,1.19801,1366406.3965,1.19801
2004-05-21,1.19801,1.19801,1.19801,1.19801,0,1.19801
2004-05-23,1.19817,1.20231,1.19324,1.20020,1364336.8009999997,1.19978
2004-05-24,1.19978,1.21263,1.19818,1.21045,1371858.0019999999,1.21050
2004-05-25,1.21050,1.21422,1.20814,1.20990,1348788.5138,1.21010
2004-05-26,1.21010,1.22884,1.20867,1.22602,1363603.9922,1.22554
2004-05-27,1.22554,1.22956,1.22002,1.22118,1355819.0176,1.22118
2004-05-28,1.22118,1.22118,1.22118,1.22118,0,1.22118
2004-05-30,1.22304,1.22529,1.21759,1.21854,1131630.7969000002,1.21824
2004-05-31,1.21824,1.22657,1.21543,1.22447,1383596.0118999996,1.22410
2004-06-01,1.22410,1.23030,1.22032,1.22085,1379091.3026,1.22071
2004-06-02,1.22071,1.22496,1.21680,1.22242,1364395.2247,1.22245
2004-06-03,1.22245,1.22997,1.21395,1.22817,1361491.1933,1.22817
2004-06-04,1.22817,1.22817,1.22817,1.22817,0,1.22817
2004-06-06,1.22867,1.23373,1.22742,1.23170,1364601.1953,1.23134
2004-06-07,1.23134,1.23500,1.22434,1.22620,1359548.3828,1.22614
2004-06-08,1.22614,1.22738,1.20335,1.20439,1363845.4882999999,1.20418
2004-06-09,1.20418,1.21179,1.20225,1.21035,1348948.2852,1.21020
2004-06-10,1.21020,1.21145,1.19624,1.20038,1369795.9962,1.20038
2004-06-11,1.20038,1.20038,1.20038,1.20038,0,1.20038
2004-06-13,1.19960,1.20872,1.19512,1.20531,1357036.4221,1.20510
2004-06-14,1.20510,1.21694,1.20254,1.21584,1372933.1855,1.21578
2004-06-15,1.21578,1.21677,1.19787,1.20085,1361231.7929999998,1.20060
2004-06-16,1.20060,1.20769,1.19901,1.20508,1364645.2949999997,1.20493
2004-06-17,1.20493,1.21467,1.19725,1.21343,1366505.8163,1.21343
2004-06-18,1.21343,1.21343,1.21343,1.21343,0,1.21343
2004-06-20,1.21308,1.21450,1.20749,1.21132,1347742.9941,1.21073
2004-06-21,1.21073,1.21306,1.20652,1.21067,1361793.3164000001,1.21052
2004-06-22,1.21052,1.21911,1.20624,1.20900,1373304.4981,1.20867
2004-06-23,1.20867,1.21874,1.20380,1.21668,1351438.3067,1.21640
2004-06-24,1.21640,1.21889,1.21062,1.21720,1351956.4082,1.21720
2004-06-25,1.21720,1.21720,1.21720,1.21720,0,1.21720
2004-06-27,1.21730,1.22268,1.21209,1.21845,1364704.9082000002,1.21795
2004-06-28,1.21795,1.21919,1.20646,1.20800,1346761.5879,1.20775
2004-06-29,1.20775,1.22035,1.20630,1.21928,1353292.5097999999,1.21938
2004-06-30,1.21938,1.22078,1.21319,1.21565,1347963.7128000003,1.21507
2004-07-01,1.21507,1.23271,1.21416,1.23105,1364006.4082000002,1.23105
2004-07-02,1.23105,1.23105,1.23105,1.23105,0,1.23105
2004-07-04,1.23205,1.23350,1.22654,1.22879,1352011.5078,1.22832
2004-07-05,1.22832,1.23290,1.22638,1.22793,1350680.3924,1.22757
2004-07-06,1.22757,1.23879,1.22715,1.23693,1344091.1133,1.23659
2004-07-07,1.23659,1.24042,1.23386,1.23806,1346404.2988,1.23782
2004-07-08,1.23782,1.24220,1.23677,1.24104,1346880.3087,1.24104
2004-07-09,1.24104,1.24104,1.24104,1.24104,0,1.24104
2004-07-11,1.24060,1.24350,1.23795,1.24053,1354229.1913,1.24039
2004-07-12,1.24039,1.24143,1.22979,1.23244,1366027.2031999999,1.23193
2004-07-13,1.23193,1.24201,1.23173,1.23778,1363310.1876,1.23760
2004-07-14,1.23760,1.23879,1.23255,1.23512,1358821.1893999998,1.23505
2004-07-15,1.23505,1.24579,1.23269,1.24518,1335458.3985,1.24518
2004-07-16,1.24518,1.24518,1.24518,1.24518,0,1.24518
2004-07-18,1.24412,1.24609,1.23975,1.24412,1355053.1035000002,1.24353
2004-07-19,1.24353,1.24536,1.22981,1.23300,1345309.2052000002,1.23224
2004-07-20,1.23224,1.23480,1.22089,1.22584,1377695.7073,1.22507
2004-07-21,1.22507,1.22911,1.22279,1.22537,1362848.8028,1.22483
2004-07-22,1.22483,1.22673,1.20859,1.20897,1355267.5938000001,1.20897
2004-07-23,1.20897,1.20897,1.20897,1.20897,0,1.20897
2004-07-25,1.20932,1.21699,1.20853,1.21402,1341202.6992,1.21363
2004-07-26,1.21363,1.21890,1.20338,1.20560,1351738.4101000002,1.20513
2004-07-27,1.20513,1.20780,1.19972,1.20517,1356063.1953,1.20508
2004-07-28,1.20508,1.20932,1.19912,1.20434,1349028.4980000001,1.20373
2004-07-29,1.20373,1.21183,1.19997,1.20165,1348584.4083,1.20165
2004-07-30,1.20165,1.20165,1.20165,1.20165,0,1.20165
2004-08-01,1.20169,1.20928,1.20167,1.20217,1365331.5958000002,1.20188
2004-08-02,1.20188,1.20751,1.19941,1.20593,1365961.1955,1.20526
2004-08-03,1.20526,1.20659,1.19695,1.20502,1357159.0060999999,1.20470
2004-08-04,1.20470,1.20727,1.20189,1.20510,1346207.9142,1.20520
2004-08-05,1.20520,1.22900,1.20431,1.22784,1358167.1016999998,1.22784
2004-08-06,1.22784,1.22784,1.22784,1.22784,0,1.22784
2004-08-08,1.22805,1.22885,1.22444,1.22675,1346744.2911,1.22652
2004-08-09,1.22652,1.23179,1.22237,1.22338,1353691.9745,1.22305
2004-08-10,1.22305,1.22497,1.21937,1.22153,1346428.9980999997,1.22102
2004-08-11,1.22102,1.22948,1.22102,1.22489,1351879.0021,1.22478
2004-08-12,1.22478,1.23754,1.21750,1.23704,1358878.51,1.23704
2004-08-13,1.23704,1.23704,1.23704,1.23704,0,1.23704
2004-08-15,1.23668,1.23826,1.23158,1.23591,1348296.9084,1.23564
2004-08-16,1.23564,1.23845,1.23096,1.23538,1355260.4238999998,1.23520
2004-08-17,1.23520,1.23642,1.22847,1.23332,1358125.9824,1.23281
2004-08-18,1.23281,1.23781,1.23247,1.23614,1356101.7011,1.23592
2004-08-19,1.23592,1.23804,1.22791,1.23153,1357532.9238999998,1.23153
2004-08-20,1.23153,1.23153,1.23153,1.23153,0,1.23153
2004-08-22,1.23088,1.23231,1.21306,1.21399,1348900.4844999998,1.21380
2004-08-23,1.21380,1.21656,1.20583,1.20766,1343168.3029,1.20742
2004-08-24,1.20742,1.21156,1.20504,1.20789,1354354.7969999998,1.20767
2004-08-25,1.20767,1.21157,1.20450,1.20994,1346428.3085999999,1.20953
2004-08-26,1.20953,1.21343,1.20009,1.20074,1357158.3964,1.20074
2004-08-27,1.20074,1.20074,1.20074,1.20074,0,1.20074
2004-08-29,1.20061,1.20670,1.19849,1.20445,1357954.9882999999,1.20420
2004-08-30,1.20420,1.21934,1.20383,1.21804,1352433.8926,1.21785
2004-08-31,1.21785,1.22198,1.21461,1.21848,1351576.0118999998,1.21822
2004-09-01,1.21822,1.21999,1.21392,1.21712,1339282.1838,1.21702
2004-09-02,1.21702,1.21917,1.20399,1.20558,1336161.3046999997,1.20558
2004-09-03,1.20558,1.20558,1.20558,1.20558,0,1.20558
2004-09-05,1.20558,1.20783,1.20449,1.20608,1345201.5000999998,1.20588
2004-09-06,1.20588,1.21109,1.20508,1.21040,1339956.1817,1.21062
2004-09-07,1.21062,1.21914,1.20242,1.21805,1339799.6075999998,1.21739
2004-09-08,1.21739,1.22113,1.21575,1.22103,1339291.3087000002,1.22067
2004-09-09,1.22067,1.23069,1.21974,1.22572,1339641.1153000002,1.22572
2004-09-10,1.22572,1.22572,1.22572,1.22572,0,1.22572
2004-09-12,1.22570,1.22865,1.22215,1.22565,1341951.3106,1.22568
2004-09-13,1.22568,1.22938,1.22236,1.22492,1348349.6095,1.22458
2004-09-14,1.22458,1.22593,1.21323,1.21472,1346556.1154,1.21460
2004-09-15,1.21460,1.21971,1.21192,1.21787,1348253.4961999997,1.21752
2004-09-16,1.21752,1.22215,1.21555,1.21846,1342198.3087000002,1.21846
2004-09-17,1.21846,1.21846,1.21846,1.21846,0,1.21846
2004-09-19,1.21749,1.21840,1.21212,1.21747,1341010.5820999998,1.21708
2004-09-20,1.21708,1.23459,1.21639,1.23325,1344799.291,1.23318
2004-09-21,1.23318,1.23357,1.22277,1.22637,1350706.4139999999,1.22637
2004-09-22,1.22637,1.23320,1.22514,1.22683,1345579.707,1.22643
2004-09-23,1.22643,1.23595,1.22363,1.22723,1337596.9043999999,1.22723
2004-09-24,1.22723,1.22723,1.22723,1.22723,0,1.22723
2004-09-26,1.22742,1.23140,1.22449,1.22895,1358476.7031999999,1.22890
2004-09-27,1.22890,1.23462,1.22766,1.23240,1353124.5060999999,1.23188
2004-09-28,1.23188,1.23381,1.22874,1.23274,1338864.9961999997,1.23285
2004-09-29,1.23285,1.24427,1.23126,1.24320,1359791.6878,1.24330
2004-09-30,1.24330,1.24374,1.23822,1.24135,1341735.3887,1.24135
2004-10-01,1.24135,1.24135,1.24135,1.24135,0,1.24135
2004-10-03,1.23879,1.23992,1.22561,1.22841,1351304.3946000002,1.22847
2004-10-04,1.22847,1.23281,1.22607,1.23078,1349988.2833,1.23051
2004-10-05,1.23051,1.23219,1.22455,1.22835,1343175.2811999999,1.22785
2004-10-06,1.22785,1.23125,1.22698,1.22834,1349686.7013,1.22797
2004-10-07,1.22797,1.24317,1.22771,1.24062,1343339.2051000001,1.24062
2004-10-08,1.24062,1.24062,1.24062,1.24062,0,1.24062
2004-10-10,1.24112,1.24209,1.23671,1.23835,1349410.6113,1.23803
2004-10-11,1.23803,1.23897,1.22860,1.23224,1344799.8028,1.23203
2004-10-12,1.23203,1.23549,1.22257,1.23460,1344470.0039,1.23437
2004-10-13,1.23437,1.24178,1.23196,1.23820,1342954.8945999998,1.23790
2004-10-14,1.23790,1.24987,1.23636,1.24655,1330180.3887,1.24655
2004-10-15,1.24655,1.24655,1.24655,1.24655,0,1.24655
2004-10-17,1.24713,1.25328,1.24592,1.24892,1350251.2891,1.24870
2004-10-18,1.24870,1.25249,1.24488,1.25089,1343086.1974000002,1.25048
2004-10-19,1.25048,1.26270,1.24855,1.25872,1343476.3809,1.25821
2004-10-20,1.25821,1.26480,1.25680,1.26132,1355210.0938000001,1.26122
2004-10-21,1.26122,1.26850,1.25981,1.26812,1347748.711,1.26812
2004-10-22,1.26812,1.26812,1.26812,1.26812,0,1.26812
2004-10-24,1.26911,1.28276,1.26911,1.28032,1340310.6874999998,1.28011
2004-10-25,1.28011,1.28400,1.27244,1.27609,1342620.8066000002,1.27599
2004-10-26,1.27599,1.28108,1.26923,1.27088,1334525.1896,1.27054
2004-10-27,1.27054,1.27649,1.26405,1.27395,1340595.7167999998,1.27395
2004-10-28,1.27395,1.27957,1.27079,1.27942,1327343.8908,1.27942
2004-10-29,1.27942,1.27942,1.27942,1.27942,0,1.27942
2004-10-31,1.27997,1.28298,1.27164,1.27490,1345958.1914,1.27494
2004-11-01,1.27494,1.27556,1.26634,1.27413,1333068.7931,1.27407
2004-11-02,1.27407,1.28281,1.26575,1.28187,1345560.0821,1.28187
2004-11-03,1.28187,1.28954,1.27898,1.28654,1341232.5975999997,1.28688
2004-11-04,1.28688,1.29709,1.27545,1.29607,1326127.6834999998,1.29607
2004-11-05,1.29607,1.29607,1.29607,1.29607,0,1.29607
2004-11-07,1.29681,1.29841,1.29040,1.29161,1338757.1992000001,1.29153
2004-11-08,1.29153,1.29372,1.28842,1.28975,1338636.2854,1.28972
2004-11-09,1.28972,1.30014,1.28496,1.28853,1312332.8828,1.28880
2004-11-10,1.28880,1.29181,1.28577,1.29026,1337884.1972,1.29047
2004-11-11,1.29047,1.29870,1.28741,1.29712,1336431.3945,1.29712
2004-11-12,1.29712,1.29712,1.29712,1.29712,0,1.29712
2004-11-14,1.29703,1.29969,1.29154,1.29442,1344626.1934,1.29457
2004-11-15,1.29457,1.29915,1.29163,1.29518,1337631.0918,1.29540
2004-11-16,1.29540,1.30448,1.29487,1.30346,1348019.2033,1.30315
2004-11-17,1.30315,1.30715,1.29398,1.29570,1330807.4062,1.29591
2004-11-18,1.29591,1.30660,1.29372,1.30199,1336532.0937,1.30199
2004-11-19,1.30199,1.30199,1.30199,1.30199,0,1.30199
2004-11-21,1.30357,1.30505,1.30120,1.30454,1333117.0117000001,1.30466
2004-11-22,1.30466,1.31010,1.29758,1.30863,1341585.7871,1.30854
2004-11-23,1.30854,1.31879,1.30778,1.31807,1340265.3945000002,1.31854
2004-11-24,1.31854,1.32794,1.31602,1.32687,1331961.5918999999,1.32604
2004-11-25,1.32604,1.33278,1.31847,1.32926,1310544.8047,1.32926
2004-11-26,1.32926,1.32926,1.32926,1.32926,0,1.32926
2004-11-28,1.32675,1.33033,1.32281,1.32770,1325445.6797,1.32772
2004-11-29,1.32772,1.33297,1.32297,1.32755,1317929.2149000003,1.32780
2004-11-30,1.32780,1.33544,1.32734,1.33401,1324464.084,1.33405
2004-12-01,1.33405,1.33806,1.32359,1.32664,1326080.3183999998,1.32666
2004-12-02,1.32666,1.34592,1.32501,1.34479,1327773.205,1.34479
2004-12-03,1.34479,1.34479,1.34479,1.34479,0,1.34479
2004-12-05,1.34406,1.34538,1.33884,1.34031,1311567.8007999999,1.34046